trial_uid,trial_index,trial_name,model_type,status,error_message,checkpoint_path,elapsed_seconds,objective_metric,objective_mode,RMSE,MSE,MAE,Pearson,Spearman,R2,epochs,patience,valid_split,seed,lr,batch_size,hidden_dim,num_layers,atom_emb_dim,hibrid_emb_dim,bond_emb_dim
efbe78c1749e,1,trial_0001_GIN,GIN,success,,/home/mohamed/Studies/stage/TrabajoInvestigacion/hyperparameter_Search/runs/trial_0001_GIN/Modelos/trial_0001_GIN.pt,8.65,RMSE,min,0.739109898859833,0.5462834425925925,0.5858259259259259,0.7232556915435864,0.7255267831910008,0.4272405778386392,50,10,0.2,42,0.001,16,64,2,0.4,0.5,1
1847d4e795f2,2,trial_0002_GIN,GIN,success,,/home/mohamed/Studies/stage/TrabajoInvestigacion/hyperparameter_Search/runs/trial_0002_GIN/Modelos/trial_0002_GIN.pt,10.191,RMSE,min,0.7286336324182444,0.5309069702910053,0.5834124338624339,0.7226762264998059,0.7231324045741081,0.44336228079295226,50,10,0.2,42,0.001,16,64,3,0.4,0.5,1
2991a01621d9,3,trial_0003_GIN,GIN,success,,/home/mohamed/Studies/stage/TrabajoInvestigacion/hyperparameter_Search/runs/trial_0003_GIN/Modelos/trial_0003_GIN.pt,8.782,RMSE,min,0.7879543142861243,0.6208720014021164,0.6193664021164021,0.7225951505236536,0.7248578824229779,0.3490370363934846,50,10,0.2,42,0.001,16,128,2,0.4,0.5,1
c5d206b650ba,4,trial_0004_GIN,GIN,success,,/home/mohamed/Studies/stage/TrabajoInvestigacion/hyperparameter_Search/runs/trial_0004_GIN/Modelos/trial_0004_GIN.pt,12.956,RMSE,min,0.733153414833853,0.5375139296825397,0.5895693121693122,0.7207662188480346,0.7331567872456336,0.4364351108509539,50,10,0.2,42,0.001,16,128,3,0.4,0.5,1
d66439dc10e8,5,trial_0005_GIN,GIN,success,,/home/mohamed/Studies/stage/TrabajoInvestigacion/hyperparameter_Search/runs/trial_0005_GIN/Modelos/trial_0005_GIN.pt,7.096,RMSE,min,0.8112782358429079,0.658172375952381,0.6634462962962963,0.7108400058008825,0.712167967201911,0.3099288751202446,50,10,0.2,42,0.001,32,64,2,0.4,0.5,1
f0f29985ef2a,6,trial_0006_GIN,GIN,success,,/home/mohamed/Studies/stage/TrabajoInvestigacion/hyperparameter_Search/runs/trial_0006_GIN/Modelos/trial_0006_GIN.pt,6.862,RMSE,min,0.7947115653430162,0.6315664720899471,0.6410034391534392,0.7163846948832263,0.7156819321512963,0.33782425128249294,50,10,0.2,42,0.001,32,64,3,0.4,0.5,1
4ebd7ddd62a5,7,trial_0007_GIN,GIN,success,,/home/mohamed/Studies/stage/TrabajoInvestigacion/hyperparameter_Search/runs/trial_0007_GIN/Modelos/trial_0007_GIN.pt,5.822,RMSE,min,0.8571546031977363,0.7347140137830688,0.6980690476190475,0.7119483957768806,0.7130251148863577,0.2296775974188191,50,10,0.2,42,0.001,32,128,2,0.4,0.5,1
a4ecaf8b1e9a,8,trial_0008_GIN,GIN,success,,/home/mohamed/Studies/stage/TrabajoInvestigacion/hyperparameter_Search/runs/trial_0008_GIN/Modelos/trial_0008_GIN.pt,8.11,RMSE,min,0.8272343068717644,0.6843165984656084,0.669725925925926,0.7215307084576362,0.7238641716843419,0.2825175559917207,50,10,0.2,42,0.001,32,128,3,0.4,0.5,1
a8fd6a5283e7,9,trial_0009_GIN,GIN,success,,/home/mohamed/Studies/stage/TrabajoInvestigacion/hyperparameter_Search/runs/trial_0009_GIN/Modelos/trial_0009_GIN.pt,8.944,RMSE,min,0.7667816962877405,0.5879541697619047,0.6043510582010583,0.7159220917525534,0.7192629566209081,0.38355025198642645,50,10,0.2,42,0.0005,16,64,2,0.4,0.5,1
75be7dfeedf6,10,trial_0010_GIN,GIN,success,,/home/mohamed/Studies/stage/TrabajoInvestigacion/hyperparameter_Search/runs/trial_0010_GIN/Modelos/trial_0010_GIN.pt,10.244,RMSE,min,0.7386919532159748,0.5456658017460319,0.5905079365079364,0.7267014661756704,0.7259842261639009,0.4278881530473999,50,10,0.2,42,0.0005,16,64,3,0.4,0.5,1
a77c1e95e507,11,trial_0011_GIN,GIN,success,,/home/mohamed/Studies/stage/TrabajoInvestigacion/hyperparameter_Search/runs/trial_0011_GIN/Modelos/trial_0011_GIN.pt,10.768,RMSE,min,0.7806836886131711,0.6094670216666667,0.6216410052910053,0.7161300712820585,0.7204571068636416,0.3609947658315885,50,10,0.2,42,0.0005,16,128,2,0.4,0.5,1
2da564066b7b,12,trial_0012_GIN,GIN,success,,/home/mohamed/Studies/stage/TrabajoInvestigacion/hyperparameter_Search/runs/trial_0012_GIN/Modelos/trial_0012_GIN.pt,12.637,RMSE,min,0.7955371022012965,0.632879280978836,0.6363293650793651,0.7114729965891837,0.7129926762574386,0.33644781626363207,50,10,0.2,42,0.0005,16,128,3,0.4,0.5,1
5bd30655b49e,13,trial_0013_GIN,GIN,success,,/home/mohamed/Studies/stage/TrabajoInvestigacion/hyperparameter_Search/runs/trial_0013_GIN/Modelos/trial_0013_GIN.pt,6.854,RMSE,min,0.8306344759075062,0.6899536325661375,0.6646955026455027,0.7183801724781907,0.7212819989125563,0.27660731939586114,50,10,0.2,42,0.0005,32,64,2,0.4,0.5,1
41d6b539c9e3,14,trial_0014_GIN,GIN,success,,/home/mohamed/Studies/stage/TrabajoInvestigacion/hyperparameter_Search/runs/trial_0014_GIN/Modelos/trial_0014_GIN.pt,7.757,RMSE,min,0.8077278157023312,0.6524242242592592,0.6401589947089947,0.7054702952662153,0.7118924450659802,0.3159556146945275,50,10,0.2,42,0.0005,32,64,3,0.4,0.5,1
6a1c2c9b4342,15,trial_0015_GIN,GIN,success,,/home/mohamed/Studies/stage/TrabajoInvestigacion/hyperparameter_Search/runs/trial_0015_GIN/Modelos/trial_0015_GIN.pt,8.402,RMSE,min,0.8263477867436232,0.6828506646560846,0.6639343915343915,0.7148427055779939,0.716698376719004,0.2840545372293086,50,10,0.2,42,0.0005,32,128,2,0.4,0.5,1
1c02d8d9af18,16,trial_0016_GIN,GIN,success,,/home/mohamed/Studies/stage/TrabajoInvestigacion/hyperparameter_Search/runs/trial_0016_GIN/Modelos/trial_0016_GIN.pt,6.355,RMSE,min,0.9135319675816774,0.8345406557936509,0.7556230158730158,0.7046485724930356,0.6994306577209033,0.12501279278381716,50,10,0.2,42,0.0005,32,128,3,0.4,0.5,1
f8539a08d58f,17,trial_0017_GIN,GIN,success,,/home/mohamed/Studies/stage/TrabajoInvestigacion/hyperparameter_Search/runs/trial_0017_GIN/Modelos/trial_0017_GIN.pt,8.911,RMSE,min,0.8800820716899379,0.7745444529100529,0.7163582010582011,0.7113253428437478,0.7120378398765506,0.1879167503564666,50,10,0.2,42,0.0001,16,64,2,0.4,0.5,1
1e8f5acce5e7,18,trial_0018_GIN,GIN,success,,/home/mohamed/Studies/stage/TrabajoInvestigacion/hyperparameter_Search/runs/trial_0018_GIN/Modelos/trial_0018_GIN.pt,6.503,RMSE,min,0.9035725309004716,0.8164433185978837,0.741749470899471,0.7090730376011823,0.7075513441142821,0.14398722910521455,50,10,0.2,42,0.0001,16,64,3,0.4,0.5,1
32f4bb8bbe83,19,trial_0019_GIN,GIN,success,,/home/mohamed/Studies/stage/TrabajoInvestigacion/hyperparameter_Search/runs/trial_0019_GIN/Modelos/trial_0019_GIN.pt,10.69,RMSE,min,0.8300782306792649,0.689029869047619,0.6723486772486772,0.7163253340835717,0.719186812362786,0.27757585370942073,50,10,0.2,42,0.0001,16,128,2,0.4,0.5,1
3aa3d2417362,20,trial_0020_GIN,GIN,success,,/home/mohamed/Studies/stage/TrabajoInvestigacion/hyperparameter_Search/runs/trial_0020_GIN/Modelos/trial_0020_GIN.pt,12.903,RMSE,min,0.838396808777475,0.702909208968254,0.6765177248677249,0.7175280650348512,0.7183057464349332,0.2630238426230209,50,10,0.2,42,0.0001,16,128,3,0.4,0.5,1
3346c937c6a5,21,trial_0021_GIN,GIN,success,,/home/mohamed/Studies/stage/TrabajoInvestigacion/hyperparameter_Search/runs/trial_0021_GIN/Modelos/trial_0021_GIN.pt,6.782,RMSE,min,0.8815183820302007,0.7770746578571429,0.7270732804232805,0.7009765128535189,0.6990848697197868,0.18526391739384307,50,10,0.2,42,0.0001,32,64,2,0.4,0.5,1
f4096cbe3087,22,trial_0022_GIN,GIN,success,,/home/mohamed/Studies/stage/TrabajoInvestigacion/hyperparameter_Search/runs/trial_0022_GIN/Modelos/trial_0022_GIN.pt,7.698,RMSE,min,0.8780042783970918,0.7708915128835979,0.7228267195767197,0.7023959142726824,0.6960867022195847,0.19174673247859142,50,10,0.2,42,0.0001,32,64,3,0.4,0.5,1
5b8e76ce919f,23,trial_0023_GIN,GIN,success,,/home/mohamed/Studies/stage/TrabajoInvestigacion/hyperparameter_Search/runs/trial_0023_GIN/Modelos/trial_0023_GIN.pt,8.47,RMSE,min,0.8652050070701506,0.7485797042592592,0.6953230158730158,0.7135609484948441,0.7135474734969691,0.21513989730599714,50,10,0.2,42,0.0001,32,128,2,0.4,0.5,1
5a2a16fe2eff,24,trial_0024_GIN,GIN,success,,/home/mohamed/Studies/stage/TrabajoInvestigacion/hyperparameter_Search/runs/trial_0024_GIN/Modelos/trial_0024_GIN.pt,10.95,RMSE,min,0.891065373479867,0.7939974998148148,0.7243103174603175,0.7151228319492905,0.7135845226893422,0.16752089898017164,50,10,0.2,42,0.0001,32,128,3,0.4,0.5,1
f6d9aaccdde8,25,trial_0025_GINE,GINE,success,,/home/mohamed/Studies/stage/TrabajoInvestigacion/hyperparameter_Search/runs/trial_0025_GINE/Modelos/trial_0025_GINE.pt,10.198,RMSE,min,0.758254705744098,0.5749501987830687,0.6087920634920635,0.7104084932279646,0.709976989138305,0.3971844688103763,50,10,0.2,42,0.001,16,64,2,0.4,0.5,1
5b23bb27321a,26,trial_0026_GINE,GINE,success,,/home/mohamed/Studies/stage/TrabajoInvestigacion/hyperparameter_Search/runs/trial_0026_GINE/Modelos/trial_0026_GINE.pt,12.012,RMSE,min,0.7423687492709939,0.5511113598941798,0.588268783068783,0.7200513081128662,0.7157230271578865,0.42217867240951523,50,10,0.2,42,0.001,16,64,3,0.4,0.5,1
9ea256487ba9,27,trial_0027_GINE,GINE,success,,/home/mohamed/Studies/stage/TrabajoInvestigacion/hyperparameter_Search/runs/trial_0027_GINE/Modelos/trial_0027_GINE.pt,12.564,RMSE,min,0.7380151927896604,0.5446664247883597,0.5827415343915344,0.7314780558448726,0.727323829191391,0.42893596545423607,50,10,0.2,42,0.001,16,128,2,0.4,0.5,1
1942c6e850ff,28,trial_0028_GINE,GINE,success,,/home/mohamed/Studies/stage/TrabajoInvestigacion/hyperparameter_Search/runs/trial_0028_GINE/Modelos/trial_0028_GINE.pt,14.315,RMSE,min,0.7674388429695311,0.5889623776984126,0.6126383597883598,0.7209693620543923,0.7156684814145041,0.3824931806016665,50,10,0.2,42,0.001,16,128,3,0.4,0.5,1
2e1a07ccd313,29,trial_0029_GINE,GINE,success,,/home/mohamed/Studies/stage/TrabajoInvestigacion/hyperparameter_Search/runs/trial_0029_GINE/Modelos/trial_0029_GINE.pt,7.738,RMSE,min,0.7686786604400262,0.5908668830158731,0.6190169312169312,0.7192451410974836,0.7199231916035735,0.3804963722049943,50,10,0.2,42,0.001,32,64,2,0.4,0.5,1
52ead54ee6e5,30,trial_0030_GINE,GINE,success,,/home/mohamed/Studies/stage/TrabajoInvestigacion/hyperparameter_Search/runs/trial_0030_GINE/Modelos/trial_0030_GINE.pt,9.204,RMSE,min,0.8088336481769787,0.6542118704232804,0.6503291005291005,0.7153518173646215,0.7102406405871986,0.3140813291055766,50,10,0.2,42,0.001,32,64,3,0.4,0.5,1
91d32dfb315a,31,trial_0031_GINE,GINE,success,,/home/mohamed/Studies/stage/TrabajoInvestigacion/hyperparameter_Search/runs/trial_0031_GINE/Modelos/trial_0031_GINE.pt,10.773,RMSE,min,0.7692528258851411,0.5917499101322752,0.6100743386243386,0.7212976946253485,0.7175265759153961,0.3795705486095674,50,10,0.2,42,0.001,32,128,2,0.4,0.5,1
41da7df48779,32,trial_0032_GINE,GINE,success,,/home/mohamed/Studies/stage/TrabajoInvestigacion/hyperparameter_Search/runs/trial_0032_GINE/Modelos/trial_0032_GINE.pt,12.697,RMSE,min,0.8562862996283527,0.733226226931217,0.6995761904761905,0.7063955540831973,0.6940735157795933,0.23123749082053335,50,10,0.2,42,0.001,32,128,3,0.4,0.5,1
846b288cb848,33,trial_0033_GINE,GINE,success,,/home/mohamed/Studies/stage/TrabajoInvestigacion/hyperparameter_Search/runs/trial_0033_GINE/Modelos/trial_0033_GINE.pt,10.392,RMSE,min,0.8108519072898304,0.6574808155555556,0.6578645502645503,0.7195675901099226,0.7172184175355378,0.31065395243797467,50,10,0.2,42,0.0005,16,64,2,0.4,0.5,1
6bcb1080fb2e,34,trial_0034_GINE,GINE,success,,/home/mohamed/Studies/stage/TrabajoInvestigacion/hyperparameter_Search/runs/trial_0034_GINE/Modelos/trial_0034_GINE.pt,12.398,RMSE,min,0.7967838212988501,0.6348644578835978,0.6503433862433863,0.6983110696611101,0.6959036311082982,0.3343664264791215,50,10,0.2,42,0.0005,16,64,3,0.4,0.5,1
586296a6779d,35,trial_0035_GINE,GINE,success,,/home/mohamed/Studies/stage/TrabajoInvestigacion/hyperparameter_Search/runs/trial_0035_GINE/Modelos/trial_0035_GINE.pt,12.724,RMSE,min,0.7933699995361693,0.6294359561640213,0.6405870370370371,0.7180684016385198,0.7152768454612233,0.3400580240376172,50,10,0.2,42,0.0005,16,128,2,0.4,0.5,1
37220db12001,36,trial_0036_GINE,GINE,success,,/home/mohamed/Studies/stage/TrabajoInvestigacion/hyperparameter_Search/runs/trial_0036_GINE/Modelos/trial_0036_GINE.pt,17.684,RMSE,min,0.7872314502881292,0.6197333563227513,0.6403902116402116,0.712248959465884,0.7104776695753126,0.350230866641403,50,10,0.2,42,0.0005,16,128,3,0.4,0.5,1
d353e2d66ec2,37,trial_0037_GINE,GINE,success,,/home/mohamed/Studies/stage/TrabajoInvestigacion/hyperparameter_Search/runs/trial_0037_GINE/Modelos/trial_0037_GINE.pt,7.548,RMSE,min,0.851140294875555,0.7244398015608466,0.6999039682539684,0.710145661789341,0.707843294198584,0.24044975596646856,50,10,0.2,42,0.0005,32,64,2,0.4,0.5,1
9efd4dc3b432,38,trial_0038_GINE,GINE,success,,/home/mohamed/Studies/stage/TrabajoInvestigacion/hyperparameter_Search/runs/trial_0038_GINE/Modelos/trial_0038_GINE.pt,8.704,RMSE,min,0.844008950261603,0.7123511081216932,0.6916531746031748,0.7071643040829863,0.6993917427522653,0.25312433573413506,50,10,0.2,42,0.0005,32,64,3,0.4,0.5,1
5d42e60ab0a5,39,trial_0039_GINE,GINE,success,,/home/mohamed/Studies/stage/TrabajoInvestigacion/hyperparameter_Search/runs/trial_0039_GINE/Modelos/trial_0039_GINE.pt,10.368,RMSE,min,0.7716491614456588,0.5954424283597883,0.6145412698412699,0.7224924102319475,0.7233037344004886,0.3756990701033297,50,10,0.2,42,0.0005,32,128,2,0.4,0.5,1
0a5433332870,40,trial_0040_GINE,GINE,success,,/home/mohamed/Studies/stage/TrabajoInvestigacion/hyperparameter_Search/runs/trial_0040_GINE/Modelos/trial_0040_GINE.pt,12.79,RMSE,min,0.8443845143468603,0.7129852080687832,0.6805706349206351,0.7112588024693486,0.7056952754834347,0.2524595037239169,50,10,0.2,42,0.0005,32,128,3,0.4,0.5,1
f639f5d82b60,41,trial_0041_GINE,GINE,success,,/home/mohamed/Studies/stage/TrabajoInvestigacion/hyperparameter_Search/runs/trial_0041_GINE/Modelos/trial_0041_GINE.pt,10.142,RMSE,min,0.8672335266287822,0.7520939897089945,0.7081896825396825,0.7029647210928252,0.697503526865767,0.21145528974412808,50,10,0.2,42,0.0001,16,64,2,0.4,0.5,1
7e8c80081bb9,42,trial_0042_GINE,GINE,success,,/home/mohamed/Studies/stage/TrabajoInvestigacion/hyperparameter_Search/runs/trial_0042_GINE/Modelos/trial_0042_GINE.pt,11.871,RMSE,min,0.8992008174958389,0.8085621101851851,0.7392558201058202,0.7014171105927661,0.695870893010105,0.15225040536947665,50,10,0.2,42,0.0001,16,64,3,0.4,0.5,1
8a8f38e4bfbf,43,trial_0043_GINE,GINE,success,,/home/mohamed/Studies/stage/TrabajoInvestigacion/hyperparameter_Search/runs/trial_0043_GINE/Modelos/trial_0043_GINE.pt,12.066,RMSE,min,0.8675666439948501,0.7526718817724869,0.7117468253968254,0.7092896360391753,0.7047709645089814,0.2108493897688577,50,10,0.2,42,0.0001,16,128,2,0.4,0.5,1
0255f978d6d7,44,trial_0044_GINE,GINE,success,,/home/mohamed/Studies/stage/TrabajoInvestigacion/hyperparameter_Search/runs/trial_0044_GINE/Modelos/trial_0044_GINE.pt,14.646,RMSE,min,0.8748478114059,0.765358693121693,0.716095238095238,0.7084054935422045,0.7000998709124012,0.19754770392065468,50,10,0.2,42,0.0001,16,128,3,0.4,0.5,1
14bead5bbebb,45,trial_0045_GINE,GINE,success,,/home/mohamed/Studies/stage/TrabajoInvestigacion/hyperparameter_Search/runs/trial_0045_GINE/Modelos/trial_0045_GINE.pt,7.503,RMSE,min,0.9074280865438743,0.8234257322486771,0.7457595238095238,0.700068447887678,0.6916836080619331,0.13666640827099674,50,10,0.2,42,0.0001,32,64,2,0.4,0.5,1
1e8070766ef9,46,trial_0046_GINE,GINE,success,,/home/mohamed/Studies/stage/TrabajoInvestigacion/hyperparameter_Search/runs/trial_0046_GINE/Modelos/trial_0046_GINE.pt,8.778,RMSE,min,0.9167925765475516,0.8405086284126984,0.7584068783068785,0.7047732313780913,0.6965542531851099,0.11875557852058027,50,10,0.2,42,0.0001,32,64,3,0.4,0.5,1
32b88c34035f,47,trial_0047_GINE,GINE,success,,/home/mohamed/Studies/stage/TrabajoInvestigacion/hyperparameter_Search/runs/trial_0047_GINE/Modelos/trial_0047_GINE.pt,10.281,RMSE,min,0.8756949957502387,0.7668417255820106,0.7171791005291006,0.7054959776874837,0.700374227063095,0.19599279533512848,50,10,0.2,42,0.0001,32,128,2,0.4,0.5,1
40ded008508b,48,trial_0048_GINE,GINE,success,,/home/mohamed/Studies/stage/TrabajoInvestigacion/hyperparameter_Search/runs/trial_0048_GINE/Modelos/trial_0048_GINE.pt,12.551,RMSE,min,0.910972350476859,0.8298706233333333,0.7535232804232805,0.696127153273809,0.6889119958410206,0.1299091613809541,50,10,0.2,42,0.0001,32,128,3,0.4,0.5,1
19f3d8faf356,49,trial_0049_GAT,GAT,success,,/home/mohamed/Studies/stage/TrabajoInvestigacion/hyperparameter_Search/runs/trial_0049_GAT/Modelos/trial_0049_GAT.pt,11.416,RMSE,min,0.876833156787122,0.7688363848412698,0.7133843915343916,0.6869658964111878,0.6880587019205042,0.19390146362769078,50,10,0.2,42,0.001,16,64,2,0.4,0.5,1
09425bb009d1,50,trial_0050_GAT,GAT,success,,/home/mohamed/Studies/stage/TrabajoInvestigacion/hyperparameter_Search/runs/trial_0050_GAT/Modelos/trial_0050_GAT.pt,23.9,RMSE,min,0.809382021723949,0.6550992570899471,0.6587857142857143,0.7114573618298017,0.7108490531977156,0.31315093467146826,50,10,0.2,42,0.001,16,64,3,0.4,0.5,1
360b1f9f5760,51,trial_0051_GAT,GAT,success,,/home/mohamed/Studies/stage/TrabajoInvestigacion/hyperparameter_Search/runs/trial_0051_GAT/Modelos/trial_0051_GAT.pt,15.148,RMSE,min,0.9252818283376432,0.8561464618518518,0.7724497354497354,0.678326354764132,0.6764601162547329,0.10235984739250936,50,10,0.2,42,0.001,16,128,2,0.4,0.5,1
0c25b59a8c2b,52,trial_0052_GAT,GAT,success,,/home/mohamed/Studies/stage/TrabajoInvestigacion/hyperparameter_Search/runs/trial_0052_GAT/Modelos/trial_0052_GAT.pt,23.944,RMSE,min,0.8622361543834298,0.7434511859259259,0.7072677248677249,0.7066738263564251,0.7089339776991403,0.22051697258985226,50,10,0.2,42,0.001,16,128,3,0.4,0.5,1
73c82ebd8c37,53,trial_0053_GAT,GAT,success,,/home/mohamed/Studies/stage/TrabajoInvestigacion/hyperparameter_Search/runs/trial_0053_GAT/Modelos/trial_0053_GAT.pt,13.262,RMSE,min,0.877111027086069,0.7693237538359788,0.7090611111111111,0.6895480294013416,0.6907891952253488,0.19339047398014786,50,10,0.2,42,0.001,32,64,2,0.4,0.5,1
2699da46a7a5,54,trial_0054_GAT,GAT,success,,/home/mohamed/Studies/stage/TrabajoInvestigacion/hyperparameter_Search/runs/trial_0054_GAT/Modelos/trial_0054_GAT.pt,15.089,RMSE,min,0.8878405306754433,0.7882608079100528,0.7241780423280422,0.6870208184564706,0.6883050221205403,0.1735356233600568,50,10,0.2,42,0.001,32,64,3,0.4,0.5,1
335e996f662a,55,trial_0055_GAT,GAT,success,,/home/mohamed/Studies/stage/TrabajoInvestigacion/hyperparameter_Search/runs/trial_0055_GAT/Modelos/trial_0055_GAT.pt,19.307,RMSE,min,0.8530810127796067,0.7277472143650794,0.692550529100529,0.6973700317184839,0.7009014716694312,0.23698204726636396,50,10,0.2,42,0.001,32,128,2,0.4,0.5,1
db76d646a1ef,56,trial_0056_GAT,GAT,success,,/home/mohamed/Studies/stage/TrabajoInvestigacion/hyperparameter_Search/runs/trial_0056_GAT/Modelos/trial_0056_GAT.pt,31.196,RMSE,min,0.819230396590857,0.6711384426984127,0.6712100529100529,0.708069756795553,0.7101727623129703,0.29633439958220187,50,10,0.2,42,0.001,32,128,3,0.4,0.5,1
687129fc3585,57,trial_0057_GAT,GAT,success,,/home/mohamed/Studies/stage/TrabajoInvestigacion/hyperparameter_Search/runs/trial_0057_GAT/Modelos/trial_0057_GAT.pt,18.561,RMSE,min,0.8224105568034732,0.6763591239417989,0.6637563492063492,0.7000654928268631,0.697566446987495,0.29086069465338427,50,10,0.2,42,0.0005,16,64,2,0.4,0.5,1
2722343bf87e,58,trial_0058_GAT,GAT,success,,/home/mohamed/Studies/stage/TrabajoInvestigacion/hyperparameter_Search/runs/trial_0058_GAT/Modelos/trial_0058_GAT.pt,23.028,RMSE,min,0.8435454343198739,0.7115688997619047,0.682555291005291,0.6944072121295678,0.694918945664936,0.25394445432684953,50,10,0.2,42,0.0005,16,64,3,0.4,0.5,1
7774d4f79153,59,trial_0059_GAT,GAT,success,,/home/mohamed/Studies/stage/TrabajoInvestigacion/hyperparameter_Search/runs/trial_0059_GAT/Modelos/trial_0059_GAT.pt,27.585,RMSE,min,0.7801482707060975,0.6086313242857143,0.6280460317460317,0.7106112018774804,0.720712887790226,0.3618709658253948,50,10,0.2,42,0.0005,16,128,2,0.4,0.5,1
d2e42d90fc96,60,trial_0060_GAT,GAT,success,,/home/mohamed/Studies/stage/TrabajoInvestigacion/hyperparameter_Search/runs/trial_0060_GAT/Modelos/trial_0060_GAT.pt,40.757,RMSE,min,0.8073622171671119,0.6518337497089947,0.65405,0.7069924785286654,0.7111090312381296,0.3165747069749112,50,10,0.2,42,0.0005,16,128,3,0.4,0.5,1
2d1bda75b708,61,trial_0061_GAT,GAT,success,,/home/mohamed/Studies/stage/TrabajoInvestigacion/hyperparameter_Search/runs/trial_0061_GAT/Modelos/trial_0061_GAT.pt,15.248,RMSE,min,0.8249414301319508,0.6805283631481482,0.67065,0.7018344272667205,0.7008445208184162,0.28648939057843714,50,10,0.2,42,0.0005,32,64,2,0.4,0.5,1
6b5b7066472c,62,trial_0062_GAT,GAT,success,,/home/mohamed/Studies/stage/TrabajoInvestigacion/hyperparameter_Search/runs/trial_0062_GAT/Modelos/trial_0062_GAT.pt,12.848,RMSE,min,0.9051758310584055,0.8193432851322751,0.7429968253968254,0.6762602293489374,0.6749297223214575,0.14094671382134938,50,10,0.2,42,0.0005,32,64,3,0.4,0.5,1
9adc75b973f6,63,trial_0063_GAT,GAT,success,,/home/mohamed/Studies/stage/TrabajoInvestigacion/hyperparameter_Search/runs/trial_0063_GAT/Modelos/trial_0063_GAT.pt,30.07,RMSE,min,0.8314237980303528,0.6912655319312169,0.6836875661375661,0.6983490238733434,0.6917995057776974,0.2752318379814682,50,10,0.2,42,0.0005,32,128,2,0.4,0.5,1
75bfe4ed3b8c,64,trial_0064_GAT,GAT,success,,/home/mohamed/Studies/stage/TrabajoInvestigacion/hyperparameter_Search/runs/trial_0064_GAT/Modelos/trial_0064_GAT.pt,29.297,RMSE,min,0.8662488011245588,0.7503869854497354,0.7066851851851851,0.6910157170342263,0.6894572251757427,0.21324502506636334,50,10,0.2,42,0.0005,32,128,3,0.4,0.5,1
df3587767c47,65,trial_0065_GAT,GAT,success,,/home/mohamed/Studies/stage/TrabajoInvestigacion/hyperparameter_Search/runs/trial_0065_GAT/Modelos/trial_0065_GAT.pt,18.293,RMSE,min,0.8966734063297783,0.8040231976190477,0.7405063492063493,0.6835987326193592,0.6813196500094485,0.15700929926214868,50,10,0.2,42,0.0001,16,64,2,0.4,0.5,1
a0ee1dff31ad,66,trial_0066_GAT,GAT,success,,/home/mohamed/Studies/stage/TrabajoInvestigacion/hyperparameter_Search/runs/trial_0066_GAT/Modelos/trial_0066_GAT.pt,24.256,RMSE,min,0.879314512416366,0.7731940117460316,0.727737566137566,0.6826309850398296,0.6786541280263907,0.1893326415229587,50,10,0.2,42,0.0001,16,64,3,0.4,0.5,1
f4c3c0460f11,67,trial_0067_GAT,GAT,success,,/home/mohamed/Studies/stage/TrabajoInvestigacion/hyperparameter_Search/runs/trial_0067_GAT/Modelos/trial_0067_GAT.pt,30.389,RMSE,min,0.8399006312477508,0.7054330703703703,0.6954089947089946,0.7014051119103347,0.6969376320075997,0.26037766064937196,50,10,0.2,42,0.0001,16,128,2,0.4,0.5,1
ced02736147b,68,trial_0068_GAT,GAT,success,,/home/mohamed/Studies/stage/TrabajoInvestigacion/hyperparameter_Search/runs/trial_0068_GAT/Modelos/trial_0068_GAT.pt,37.113,RMSE,min,0.8793796575520735,0.7733085821164021,0.7182216931216931,0.6852934479202543,0.6844824892245982,0.18921251842565445,50,10,0.2,42,0.0001,16,128,3,0.4,0.5,1
7a05c3e80d80,69,trial_0069_GAT,GAT,success,,/home/mohamed/Studies/stage/TrabajoInvestigacion/hyperparameter_Search/runs/trial_0069_GAT/Modelos/trial_0069_GAT.pt,16.498,RMSE,min,0.8936365737400893,0.798586325925926,0.7322169312169313,0.6838563095485471,0.6821782385001486,0.1627096724503586,50,10,0.2,42,0.0001,32,64,2,0.4,0.5,1
99ca4422ce5f,70,trial_0070_GAT,GAT,success,,/home/mohamed/Studies/stage/TrabajoInvestigacion/hyperparameter_Search/runs/trial_0070_GAT/Modelos/trial_0070_GAT.pt,23.864,RMSE,min,0.9001008993117376,0.8101816289417989,0.7426603174603175,0.6819749937669995,0.6793097525965666,0.1505523955912278,50,10,0.2,42,0.0001,32,64,3,0.4,0.5,1
01102c15ae9f,71,trial_0071_GAT,GAT,success,,/home/mohamed/Studies/stage/TrabajoInvestigacion/hyperparameter_Search/runs/trial_0071_GAT/Modelos/trial_0071_GAT.pt,30.268,RMSE,min,0.8856937272063625,0.7844533784126985,0.7250306878306878,0.6921802975305997,0.6912265016459258,0.17752758238498212,50,10,0.2,42,0.0001,32,128,2,0.4,0.5,1
3e6dfaecad7d,72,trial_0072_GAT,GAT,success,,/home/mohamed/Studies/stage/TrabajoInvestigacion/hyperparameter_Search/runs/trial_0072_GAT/Modelos/trial_0072_GAT.pt,20.355,RMSE,min,0.9026633874732353,0.8148011910846561,0.7417732804232805,0.6823949067490097,0.6808812995356172,0.14570894338805607,50,10,0.2,42,0.0001,32,128,3,0.4,0.5,1
dae4d54c9713,73,trial_0073_EGAT,EGAT,success,,/home/mohamed/Studies/stage/TrabajoInvestigacion/hyperparameter_Search/runs/trial_0073_EGAT/Modelos/trial_0073_EGAT.pt,22.085,RMSE,min,0.7967583025268722,0.6348237926455027,0.6215597883597884,0.684584214085977,0.6804632835330483,0.33440906258422276,50,10,0.2,42,0.001,16,64,2,0.4,0.5,1
46209671ad73,74,trial_0074_EGAT,EGAT,success,,/home/mohamed/Studies/stage/TrabajoInvestigacion/hyperparameter_Search/runs/trial_0074_EGAT/Modelos/trial_0074_EGAT.pt,11.102,RMSE,min,0.9529932320695517,0.9081961003703704,0.7825000000000001,0.6639041233273267,0.6720114295040104,0.047787589554910026,50,10,0.2,42,0.001,16,64,3,0.4,0.5,1
8cb299655be0,75,trial_0075_EGAT,EGAT,success,,/home/mohamed/Studies/stage/TrabajoInvestigacion/hyperparameter_Search/runs/trial_0075_EGAT/Modelos/trial_0075_EGAT.pt,19.288,RMSE,min,0.8312443959153895,0.6909672457407408,0.6724917989417989,0.7087348179231872,0.7053485010552251,0.2755445808046535,50,10,0.2,42,0.001,16,128,2,0.4,0.5,1
760f9f334569,76,trial_0076_EGAT,EGAT,success,,/home/mohamed/Studies/stage/TrabajoInvestigacion/hyperparameter_Search/runs/trial_0076_EGAT/Modelos/trial_0076_EGAT.pt,38.426,RMSE,min,0.8645912321153816,0.7475179986507936,0.7036288359788359,0.6957854845299877,0.6975419307952632,0.21625305916190884,50,10,0.2,42,0.001,16,128,3,0.4,0.5,1
a7ed59e4d85f,77,trial_0077_EGAT,EGAT,success,,/home/mohamed/Studies/stage/TrabajoInvestigacion/hyperparameter_Search/runs/trial_0077_EGAT/Modelos/trial_0077_EGAT.pt,19.866,RMSE,min,0.8224694831346818,0.6764560506878307,0.6615031746031744,0.7140542570672554,0.7153775341771137,0.290759070290058,50,10,0.2,42,0.001,32,64,2,0.4,0.5,1
6b77b0f8e248,78,trial_0078_EGAT,EGAT,success,,/home/mohamed/Studies/stage/TrabajoInvestigacion/hyperparameter_Search/runs/trial_0078_EGAT/Modelos/trial_0078_EGAT.pt,26.17,RMSE,min,0.8517388316737429,0.7254590373809524,0.6976240740740741,0.7013766525477868,0.6974473856884498,0.23938112222461572,50,10,0.2,42,0.001,32,64,3,0.4,0.5,1
91db2be5e6d0,79,trial_0079_EGAT,EGAT,success,,/home/mohamed/Studies/stage/TrabajoInvestigacion/hyperparameter_Search/runs/trial_0079_EGAT/Modelos/trial_0079_EGAT.pt,41.575,RMSE,min,0.7573147495030152,0.5735256298148148,0.6128801587301588,0.7330842597376278,0.7356818224993378,0.3986780804329688,50,10,0.2,42,0.001,32,128,2,0.4,0.5,1
140a9d89cc05,80,trial_0080_EGAT,EGAT,success,,/home/mohamed/Studies/stage/TrabajoInvestigacion/hyperparameter_Search/runs/trial_0080_EGAT/Modelos/trial_0080_EGAT.pt,57.928,RMSE,min,0.8351157011054242,0.6974182342328042,0.6673550264550264,0.6960340483743496,0.6979077926829452,0.2687809409924189,50,10,0.2,42,0.001,32,128,3,0.4,0.5,1
aa2f773e484a,81,trial_0081_EGAT,EGAT,success,,/home/mohamed/Studies/stage/TrabajoInvestigacion/hyperparameter_Search/runs/trial_0081_EGAT/Modelos/trial_0081_EGAT.pt,12.789,RMSE,min,0.8369412977145445,0.7004707358201059,0.6825857142857144,0.692778345539689,0.6914727352521306,0.26558049794587135,50,10,0.2,42,0.0005,16,64,2,0.4,0.5,1
b2096bf3d8a0,82,trial_0082_EGAT,EGAT,success,,/home/mohamed/Studies/stage/TrabajoInvestigacion/hyperparameter_Search/runs/trial_0082_EGAT/Modelos/trial_0082_EGAT.pt,27.476,RMSE,min,0.7940234742741632,0.6304732776984127,0.6335727513227514,0.7060203819559849,0.7056554264679588,0.338970428045665,50,10,0.2,42,0.0005,16,64,3,0.4,0.5,1
348035c7d5e6,83,trial_0083_EGAT,EGAT,success,,/home/mohamed/Studies/stage/TrabajoInvestigacion/hyperparameter_Search/runs/trial_0083_EGAT/Modelos/trial_0083_EGAT.pt,35.593,RMSE,min,0.7524910127959166,0.5662427243386243,0.5970391534391534,0.7221133270421535,0.7293937195851736,0.40631395662281267,50,10,0.2,42,0.0005,16,128,2,0.4,0.5,1
b92decae0e70,84,trial_0084_EGAT,EGAT,success,,/home/mohamed/Studies/stage/TrabajoInvestigacion/hyperparameter_Search/runs/trial_0084_EGAT/Modelos/trial_0084_EGAT.pt,46.842,RMSE,min,0.8386487438308726,0.7033317155291006,0.6757060846560846,0.7076547359053291,0.7127071884582074,0.26258085900905437,50,10,0.2,42,0.0005,16,128,3,0.4,0.5,1
98e1320ca52a,85,trial_0085_EGAT,EGAT,success,,/home/mohamed/Studies/stage/TrabajoInvestigacion/hyperparameter_Search/runs/trial_0085_EGAT/Modelos/trial_0085_EGAT.pt,11.884,RMSE,min,0.9117439830393539,0.8312770906084657,0.760450529100529,0.6689280608838553,0.664560081367644,0.12843452876172168,50,10,0.2,42,0.0005,32,64,2,0.4,0.5,1
619727829cb0,86,trial_0086_EGAT,EGAT,success,,/home/mohamed/Studies/stage/TrabajoInvestigacion/hyperparameter_Search/runs/trial_0086_EGAT/Modelos/trial_0086_EGAT.pt,31.211,RMSE,min,0.7531483493032438,0.567232436058201,0.6032626984126984,0.7230487905582241,0.7266923972276339,0.40527627788607334,50,10,0.2,42,0.0005,32,64,3,0.4,0.5,1
7c316dde3a3a,87,trial_0087_EGAT,EGAT,success,,/home/mohamed/Studies/stage/TrabajoInvestigacion/hyperparameter_Search/runs/trial_0087_EGAT/Modelos/trial_0087_EGAT.pt,34.252,RMSE,min,0.886586954511543,0.7860364279100529,0.7307917989417988,0.6859976820916335,0.6802095402933643,0.17586780937217683,50,10,0.2,42,0.0005,32,128,2,0.4,0.5,1
dc3269499433,88,trial_0088_EGAT,EGAT,success,,/home/mohamed/Studies/stage/TrabajoInvestigacion/hyperparameter_Search/runs/trial_0088_EGAT/Modelos/trial_0088_EGAT.pt,48.923,RMSE,min,0.8178033295643646,0.6688022858465609,0.6454082010582011,0.7072997531106832,0.711663535193162,0.29878377978342985,50,10,0.2,42,0.0005,32,128,3,0.4,0.5,1
4985323b2a3b,89,trial_0089_EGAT,EGAT,success,,/home/mohamed/Studies/stage/TrabajoInvestigacion/hyperparameter_Search/runs/trial_0089_EGAT/Modelos/trial_0089_EGAT.pt,20.549,RMSE,min,0.885965224110593,0.7849343783333332,0.730502380952381,0.6827611342693749,0.6764341356282614,0.17702327049279853,50,10,0.2,42,0.0001,16,64,2,0.4,0.5,1
dccb52d06822,90,trial_0090_EGAT,EGAT,success,,/home/mohamed/Studies/stage/TrabajoInvestigacion/hyperparameter_Search/runs/trial_0090_EGAT/Modelos/trial_0090_EGAT.pt,24.874,RMSE,min,0.9171875035923852,0.8412329167460316,0.7609648148148147,0.6738895023353323,0.6712585646432528,0.11799618708577975,50,10,0.2,42,0.0001,16,64,3,0.4,0.5,1
684ddefd3db9,91,trial_0091_EGAT,EGAT,success,,/home/mohamed/Studies/stage/TrabajoInvestigacion/hyperparameter_Search/runs/trial_0091_EGAT/Modelos/trial_0091_EGAT.pt,38.929,RMSE,min,0.8013779263534533,0.6422065808465608,0.6393968253968254,0.7104056330198292,0.7126229973324157,0.32666846278879513,50,10,0.2,42,0.0001,16,128,2,0.4,0.5,1
0f1f4d910d63,92,trial_0092_EGAT,EGAT,success,,/home/mohamed/Studies/stage/TrabajoInvestigacion/hyperparameter_Search/runs/trial_0092_EGAT/Modelos/trial_0092_EGAT.pt,56.182,RMSE,min,0.882277385639936,0.7784133852116403,0.7182574074074074,0.6745584765235442,0.6782688024383161,0.18386030775421258,50,10,0.2,42,0.0001,16,128,3,0.4,0.5,1
71d1ef44d41d,93,trial_0093_EGAT,EGAT,success,,/home/mohamed/Studies/stage/TrabajoInvestigacion/hyperparameter_Search/runs/trial_0093_EGAT/Modelos/trial_0093_EGAT.pt,20.298,RMSE,min,0.8920538379723892,0.7957600498412697,0.7378534391534392,0.6768732030318505,0.6703934989425516,0.16567292582928905,50,10,0.2,42,0.0001,32,64,2,0.4,0.5,1
83c6a7ec7a43,94,trial_0094_EGAT,EGAT,success,,/home/mohamed/Studies/stage/TrabajoInvestigacion/hyperparameter_Search/runs/trial_0094_EGAT/Modelos/trial_0094_EGAT.pt,27.975,RMSE,min,0.9025789743106832,0.814648804867725,0.7520925925925928,0.6810171113533876,0.6764923457642043,0.14586871510132748,50,10,0.2,42,0.0001,32,64,3,0.4,0.5,1
d1533aeb7e20,95,trial_0095_EGAT,EGAT,success,,/home/mohamed/Studies/stage/TrabajoInvestigacion/hyperparameter_Search/runs/trial_0095_EGAT/Modelos/trial_0095_EGAT.pt,39.062,RMSE,min,0.8980891099392835,0.8065640493915344,0.737996560846561,0.6791952693534287,0.6762833309671077,0.1543453034688652,50,10,0.2,42,0.0001,32,128,2,0.4,0.5,1
c0db9e7a0be1,96,trial_0096_EGAT,EGAT,success,,/home/mohamed/Studies/stage/TrabajoInvestigacion/hyperparameter_Search/runs/trial_0096_EGAT/Modelos/trial_0096_EGAT.pt,51.008,RMSE,min,0.8419231377434195,0.708834569867725,0.6953240740740741,0.703542023361026,0.6983664377596889,0.256811305283848,50,10,0.2,42,0.0001,32,128,3,0.4,0.5,1
91ae7629761c,97,trial_0097_GraphTransformer,GraphTransformer,success,,/home/mohamed/Studies/stage/TrabajoInvestigacion/hyperparameter_Search/runs/trial_0097_GraphTransformer/Modelos/trial_0097_GraphTransformer.pt,27.602,RMSE,min,0.728443744382611,0.5306302887301586,0.5856042328042327,0.7402247414921789,0.7362812471535809,0.4436523719041914,50,10,0.2,42,0.001,16,64,2,0.4,0.5,1
88a5350e1f24,98,trial_0098_GraphTransformer,GraphTransformer,success,,/home/mohamed/Studies/stage/TrabajoInvestigacion/hyperparameter_Search/runs/trial_0098_GraphTransformer/Modelos/trial_0098_GraphTransformer.pt,35.647,RMSE,min,0.6818168419783212,0.464874206005291,0.5341224867724867,0.7585500106832875,0.7684523025607537,0.5125953656115401,50,10,0.2,42,0.001,16,64,3,0.4,0.5,1
ab98078b1161,99,trial_0099_GraphTransformer,GraphTransformer,success,,/home/mohamed/Studies/stage/TrabajoInvestigacion/hyperparameter_Search/runs/trial_0099_GraphTransformer/Modelos/trial_0099_GraphTransformer.pt,52.96,RMSE,min,0.7468369699489572,0.5577654596825397,0.5992539682539683,0.7182362866227642,0.725000176357363,0.41520207738093895,50,10,0.2,42,0.001,16,128,2,0.4,0.5,1
4f37b6f47065,100,trial_0100_GraphTransformer,GraphTransformer,success,,/home/mohamed/Studies/stage/TrabajoInvestigacion/hyperparameter_Search/runs/trial_0100_GraphTransformer/Modelos/trial_0100_GraphTransformer.pt,82.96,RMSE,min,0.7280281234574483,0.5300249485449736,0.5730431216931217,0.7357850678138645,0.7444255589552378,0.44428705029208504,50,10,0.2,42,0.001,16,128,3,0.4,0.5,1
103a5fa422a6,101,trial_0101_GraphTransformer,GraphTransformer,success,,/home/mohamed/Studies/stage/TrabajoInvestigacion/hyperparameter_Search/runs/trial_0101_GraphTransformer/Modelos/trial_0101_GraphTransformer.pt,14.897,RMSE,min,0.8869440400229741,0.786669730132275,0.7275267195767195,0.6870171983653821,0.6826544026501014,0.1752038137490768,50,10,0.2,42,0.001,32,64,2,0.4,0.5,1
85b676c07213,102,trial_0102_GraphTransformer,GraphTransformer,success,,/home/mohamed/Studies/stage/TrabajoInvestigacion/hyperparameter_Search/runs/trial_0102_GraphTransformer/Modelos/trial_0102_GraphTransformer.pt,38.496,RMSE,min,0.7408272443551438,0.548825005978836,0.5903841269841269,0.7188007851088206,0.7235889608533509,0.42457583594277903,50,10,0.2,42,0.001,32,64,3,0.4,0.5,1
d33ea17417f4,103,trial_0103_GraphTransformer,GraphTransformer,success,,/home/mohamed/Studies/stage/TrabajoInvestigacion/hyperparameter_Search/runs/trial_0103_GraphTransformer/Modelos/trial_0103_GraphTransformer.pt,41.514,RMSE,min,0.8024132343936998,0.6438669987301587,0.6413349206349206,0.7143320256915372,0.7185576995342053,0.3249275716809802,50,10,0.2,42,0.001,32,128,2,0.4,0.5,1
f06d08fccbea,104,trial_0104_GraphTransformer,GraphTransformer,success,,/home/mohamed/Studies/stage/TrabajoInvestigacion/hyperparameter_Search/runs/trial_0104_GraphTransformer/Modelos/trial_0104_GraphTransformer.pt,72.73,RMSE,min,0.813984000531763,0.6625699531216932,0.649410582010582,0.7069371524280431,0.7127947997794868,0.3053181665356104,50,10,0.2,42,0.001,32,128,3,0.4,0.5,1
7a8b45c7365f,105,trial_0105_GraphTransformer,GraphTransformer,success,,/home/mohamed/Studies/stage/TrabajoInvestigacion/hyperparameter_Search/runs/trial_0105_GraphTransformer/Modelos/trial_0105_GraphTransformer.pt,18.972,RMSE,min,0.8470608859290455,0.7175121444708995,0.6857552910052911,0.694734827189411,0.6974264632368928,0.2477131664277834,50,10,0.2,42,0.0005,16,64,2,0.4,0.5,1
2e69f329bfda,106,trial_0106_GraphTransformer,GraphTransformer,success,,/home/mohamed/Studies/stage/TrabajoInvestigacion/hyperparameter_Search/runs/trial_0106_GraphTransformer/Modelos/trial_0106_GraphTransformer.pt,43.686,RMSE,min,0.6939464805233094,0.4815617178306878,0.5501232804232804,0.7512869885340173,0.7507749162430022,0.49509908275686587,50,10,0.2,42,0.0005,16,64,3,0.4,0.5,1
1f8b321fe8bb,107,trial_0107_GraphTransformer,GraphTransformer,success,,/home/mohamed/Studies/stage/TrabajoInvestigacion/hyperparameter_Search/runs/trial_0107_GraphTransformer/Modelos/trial_0107_GraphTransformer.pt,47.249,RMSE,min,0.8548415690647352,0.7307541082010583,0.6945539682539683,0.6953680753360765,0.6994283639740809,0.23382942238023818,50,10,0.2,42,0.0005,16,128,2,0.4,0.5,1
2dfef4b67acd,108,trial_0108_GraphTransformer,GraphTransformer,success,,/home/mohamed/Studies/stage/TrabajoInvestigacion/hyperparameter_Search/runs/trial_0108_GraphTransformer/Modelos/trial_0108_GraphTransformer.pt,78.324,RMSE,min,0.7444232707128626,0.554166005978836,0.5923010582010582,0.7290566010746707,0.7302647445978315,0.41897598093116506,50,10,0.2,42,0.0005,16,128,3,0.4,0.5,1
88075a2f30c5,109,trial_0109_GraphTransformer,GraphTransformer,success,,/home/mohamed/Studies/stage/TrabajoInvestigacion/hyperparameter_Search/runs/trial_0109_GraphTransformer/Modelos/trial_0109_GraphTransformer.pt,19.652,RMSE,min,0.8733128009218508,0.7626752482539683,0.7238153439153439,0.695832482505044,0.6962468977808967,0.2003612036755542,50,10,0.2,42,0.0005,32,64,2,0.4,0.5,1
afc6f3035bda,110,trial_0110_GraphTransformer,GraphTransformer,success,,/home/mohamed/Studies/stage/TrabajoInvestigacion/hyperparameter_Search/runs/trial_0110_GraphTransformer/Modelos/trial_0110_GraphTransformer.pt,42.116,RMSE,min,0.7728074458662024,0.5972313483862434,0.6191854497354498,0.7031244685631909,0.7039829106329049,0.37382344891338015,50,10,0.2,42,0.0005,32,64,3,0.4,0.5,1
ad993cd60cbb,111,trial_0111_GraphTransformer,GraphTransformer,success,,/home/mohamed/Studies/stage/TrabajoInvestigacion/hyperparameter_Search/runs/trial_0111_GraphTransformer/Modelos/trial_0111_GraphTransformer.pt,58.436,RMSE,min,0.8268391713094151,0.6836630152116402,0.6724013227513227,0.7043845775378799,0.7047536607439547,0.28320281557985805,50,10,0.2,42,0.0005,32,128,2,0.4,0.5,1
9f4307bc2863,112,trial_0112_GraphTransformer,GraphTransformer,success,,/home/mohamed/Studies/stage/TrabajoInvestigacion/hyperparameter_Search/runs/trial_0112_GraphTransformer/Modelos/trial_0112_GraphTransformer.pt,70.86,RMSE,min,0.8334397306839527,0.6946217846825397,0.6779441798941799,0.690857018312337,0.6887563954466361,0.27171292227472077,50,10,0.2,42,0.0005,32,128,3,0.4,0.5,1
46280ee0ef3f,113,trial_0113_GraphTransformer,GraphTransformer,success,,/home/mohamed/Studies/stage/TrabajoInvestigacion/hyperparameter_Search/runs/trial_0113_GraphTransformer/Modelos/trial_0113_GraphTransformer.pt,29.865,RMSE,min,0.8355565738606172,0.6981547881216931,0.6820420634920634,0.6951027228783117,0.6941281294854393,0.2680086895439976,50,10,0.2,42,0.0001,16,64,2,0.4,0.5,1
1188e813ced9,114,trial_0114_GraphTransformer,GraphTransformer,success,,/home/mohamed/Studies/stage/TrabajoInvestigacion/hyperparameter_Search/runs/trial_0114_GraphTransformer/Modelos/trial_0114_GraphTransformer.pt,41.703,RMSE,min,0.8491099827179768,0.7209877627513228,0.702979365079365,0.7007564841079598,0.6985293978785262,0.24406910006453963,50,10,0.2,42,0.0001,16,64,3,0.4,0.5,1
690c2bb0c5b9,115,trial_0115_GraphTransformer,GraphTransformer,success,,/home/mohamed/Studies/stage/TrabajoInvestigacion/hyperparameter_Search/runs/trial_0115_GraphTransformer/Modelos/trial_0115_GraphTransformer.pt,47.654,RMSE,min,0.8309467533670355,0.690472506931217,0.6798291005291005,0.6930237501385947,0.6858466619088123,0.2760632974498419,50,10,0.2,42,0.0001,16,128,2,0.4,0.5,1
9f893ff1a5b0,116,trial_0116_GraphTransformer,GraphTransformer,success,,/home/mohamed/Studies/stage/TrabajoInvestigacion/hyperparameter_Search/runs/trial_0116_GraphTransformer/Modelos/trial_0116_GraphTransformer.pt,43.293,RMSE,min,0.8867466635800613,0.7863196453703704,0.7269997354497355,0.6805429454570718,0.672730426705136,0.17557086559488133,50,10,0.2,42,0.0001,16,128,3,0.4,0.5,1
882ecc6f8466,117,trial_0117_GraphTransformer,GraphTransformer,success,,/home/mohamed/Studies/stage/TrabajoInvestigacion/hyperparameter_Search/runs/trial_0117_GraphTransformer/Modelos/trial_0117_GraphTransformer.pt,28.535,RMSE,min,0.8486914117983742,0.7202771124603174,0.6932171957671958,0.6948110838438899,0.6946446692178191,0.24481419248048997,50,10,0.2,42,0.0001,32,64,2,0.4,0.5,1
7e7011f88ba9,118,trial_0118_GraphTransformer,GraphTransformer,success,,/home/mohamed/Studies/stage/TrabajoInvestigacion/hyperparameter_Search/runs/trial_0118_GraphTransformer/Modelos/trial_0118_GraphTransformer.pt,17.432,RMSE,min,0.9504149745014615,0.9032886237566138,0.788721164021164,0.6706786327514757,0.6662190990311647,0.05293291018960811,50,10,0.2,42,0.0001,32,64,3,0.4,0.5,1
888357391424,119,trial_0119_GraphTransformer,GraphTransformer,success,,/home/mohamed/Studies/stage/TrabajoInvestigacion/hyperparameter_Search/runs/trial_0119_GraphTransformer/Modelos/trial_0119_GraphTransformer.pt,55.537,RMSE,min,0.8479023236336132,0.7189383504232805,0.6944798941798943,0.6913839745174809,0.6923630456013687,0.24621783848357182,50,10,0.2,42,0.0001,32,128,2,0.4,0.5,1
4cb9e7881d4e,120,trial_0120_GraphTransformer,GraphTransformer,success,,/home/mohamed/Studies/stage/TrabajoInvestigacion/hyperparameter_Search/runs/trial_0120_GraphTransformer/Modelos/trial_0120_GraphTransformer.pt,38.871,RMSE,min,0.9023589326647066,0.8142516433597884,0.739118783068783,0.6795867785005862,0.6731301709799831,0.1462851252980395,50,10,0.2,42,0.0001,32,128,3,0.4,0.5,1
